Workbook
Name _PL03: [1]CIPA!#REF!
Name _PL04: #REF!
Name siglas: #REF!
Name _PL01: #REF!
Name _PL02: #REF!
Name TLV: #REF!
Name __PL03: #REF!

Sheet Capa 
L3: Nº Relatório | M3: 0000-0/2025.0 ao 0000-3/2025.0 | P3: 0000-1/2025.0 | S3: 0000-11/2025.0 | V3: 0000-21/2025.0 | Y3: 0000-31/2025.0 | AB3: 0000-41/2025.0
M4: (Nº DA AMOSTRA) | P4: 0000-2/2025.0 | S4: 0000-12/2025.0 | V4: 0000-22/2025.0 | Y4: 0000-32/2025.0 | AB4: 0000-42/2025.0
P5: 0000-3/2025.0 | S5: 0000-13/2025.0 | V5: 0000-23/2025.0 | Y5: 0000-33/2025.0 | AB5: 0000-43/2025.0
P6: 0000-4/2025.0 | S6: 0000-14/2025.0 | V6: 0000-24/2025.0 | Y6: 0000-34/2025.0 | AB6: 0000-44/2025.0
P7: 0000-5/2025.0 | S7: 0000-15/2025.0 | V7: 0000-25/2025.0 | Y7: 0000-35/2025.0 | AB7: 0000-45/2025.0
P8: 0000-6/2025.0 | S8: 0000-16/2025.0 | V8: 0000-26/2025.0 | Y8: 0000-36/2025.0 | AB8: 0000-46/2025.0
P9: 0000-7/2025.0 | S9: 0000-17/2025.0 | V9: 0000-27/2025.0 | Y9: 0000-37/2025.0 | AB9: 0000-47/2025.0
P10: 0000-8/2025.0 | S10: 0000-18/2025.0 | V10: 0000-28/2025.0 | Y10: 0000-38/2025.0 | AB10: 0000-48/2025.0
P11: 0000-9/2025.0 | S11: 0000-19/2025.0 | V11: 0000-29/2025.0 | Y11: 0000-39/2025.0 | AB11: 0000-49/2025.0
P12: 0000-10/2025.0 | S12: 0000-20/2025.0 | V12: 0000-30/2025.0 | Y12: 0000-40/2025.0 | AB12: 0000-50/2025.0
L18: Empresa: | M18: Componel Industria e Comércio Ltda
L19: Endereço: | M19: =VLOOKUP(M18,#REF!,3,FALSE) -> #REF!
L20: CNPJ: | M20: =IF(ISERROR(VLOOKUP(M18,#REF!,2,FALSE)),"", IF(OR(ISNUMBER(FIND(".",VLOOKUP(M18,#REF!,2,FALSE))), ISNUMBER(FIND("-",VLOOKUP(M18,#REF!,2,FALSE))), ISNUMBER(FIND("/",VLOOKUP(M18,#REF!,2,FALSE)))), VLOOKUP(M18,#REF!,2,FALSE), IF(LEN(VLOOKUP(M18,#REF!,2,FALSE))=11, TEXT(VLOOKUP(M18,#REF!,2,FALSE),"000\.000\.000\-00"), TEXT(VLOOKUP(M18,#REF!,2,FALSE),"00\.000\.000\/0000\-00") ) ) )
L23: Perído de Avaliação: | N23: 25/11/2025 à 28/11/2025
D28: CNPJ:
L34: Data: | M34: Mês de 2025

Sheet Doc Base
I47: 1
C63: Nível de Ruído [dB(A)] | E63: Máxima Exposição Permitida
C64: 85 | E64: 8 horas
C65: 90 | E65: 4 horas
C66: 95 | E66: 2 horas
C67: 100 | E67: 1 hora
C68: 105 | E68: 30 minutos
C69: 110 | E69: 15 minutos
C70: 115 | E70: 7 minutos
I93: 2
I140: 3

Sheet Anexo A
A22: ANEXO A - RELATÓRIO ANALÍTICO

Sheet Resumo
A1: Empresa: | B1: ='Capa '!$M$18 -> Componel Industria e Comércio Ltda | E1: Período de Medição: | F1: ='Capa '!$N$23 -> 25/11/2025 à 28/11/2025
A2: Endereço: | B2: ='Capa '!$M$19 -> #REF!
A3: Resumo das Doses de Ruído
A4: Nº de Laudo | B4: Cargo/Função | C4: Local | D4: Setor | E4: Resultado (dB) | F4: Limite de Tolerância (dB) | G4: Status de Medição
A5: ='1'!$E$1 -> 0000-1/2025.0 | B5: ='1'!$B$7 | C5: ='1'!$B$8 | D5: ='1'!$E$8 | E5: ='1'!$C$30 | F5: 85 | G5: =IF(E5<=85,"OK",IF(E5>=85,"N.C.")) -> OK
A6: =#REF! -> #REF! | B6: =#REF! -> #REF! | C6: =#REF! -> #REF! | D6: =#REF! -> #REF! | E6: =#REF! -> #REF! | F6: 85 | G6: =IF(E6<=85,"OK",IF(E6>=85,"N.C.")) -> #REF!
A7: =#REF! -> #REF! | B7: =#REF! -> #REF! | C7: =#REF! -> #REF! | D7: =#REF! -> #REF! | E7: =#REF! -> #REF! | F7: 85 | G7: =IF(E7<=85,"OK",IF(E7>=85,"N.C.")) -> #REF!
A8: =#REF! -> #REF! | B8: =#REF! -> #REF! | C8: =#REF! -> #REF! | D8: =#REF! -> #REF! | E8: =#REF! -> #REF! | F8: 85 | G8: =IF(E8<=85,"OK",IF(E8>=85,"N.C.")) -> #REF!
A9: =#REF! -> #REF! | B9: =#REF! -> #REF! | C9: =#REF! -> #REF! | D9: =#REF! -> #REF! | E9: =#REF! -> #REF! | F9: 85 | G9: =IF(E9<=85,"OK",IF(E9>=85,"N.C.")) -> #REF!
A10: =#REF! -> #REF! | B10: =#REF! -> #REF! | C10: =#REF! -> #REF! | D10: =#REF! -> #REF! | E10: =#REF! -> #REF! | F10: 85 | G10: =IF(E10<=85,"OK",IF(E10>=85,"N.C.")) -> #REF!
A11: =#REF! -> #REF! | B11: =#REF! -> #REF! | C11: =#REF! -> #REF! | D11: =#REF! -> #REF! | E11: =#REF! -> #REF! | F11: 85 | G11: =IF(E11<=85,"OK",IF(E11>=85,"N.C.")) -> #REF!
A12: =#REF! -> #REF! | B12: =#REF! -> #REF! | C12: =#REF! -> #REF! | D12: =#REF! -> #REF! | E12: =#REF! -> #REF! | F12: 85 | G12: =IF(E12<=85,"OK",IF(E12>=85,"N.C.")) -> #REF!
A13: =#REF! -> #REF! | B13: =#REF! -> #REF! | C13: =#REF! -> #REF! | D13: =#REF! -> #REF! | E13: =#REF! -> #REF! | F13: 85 | G13: =IF(E13<=85,"OK",IF(E13>=85,"N.C.")) -> #REF!
A14: =#REF! -> #REF! | B14: =#REF! -> #REF! | C14: =#REF! -> #REF! | D14: =#REF! -> #REF! | E14: =#REF! -> #REF! | F14: 85 | G14: =IF(E14<=85,"OK",IF(E14>=85,"N.C.")) -> #REF!
A15: =#REF! -> #REF! | B15: =#REF! -> #REF! | C15: =#REF! -> #REF! | D15: =#REF! -> #REF! | E15: =#REF! -> #REF! | F15: 85 | G15: =IF(E15<=85,"OK",IF(E15>=85,"N.C.")) -> #REF!
A16: =#REF! -> #REF! | B16: =#REF! -> #REF! | C16: =#REF! -> #REF! | D16: =#REF! -> #REF! | E16: =#REF! -> #REF! | F16: 85 | G16: =IF(E16<=85,"OK",IF(E16>=85,"N.C.")) -> #REF!
A17: =#REF! -> #REF! | B17: =#REF! -> #REF! | C17: =#REF! -> #REF! | D17: =#REF! -> #REF! | E17: =#REF! -> #REF! | F17: 85 | G17: =IF(E17<=85,"OK",IF(E17>=85,"N.C.")) -> #REF!
... A54: =#REF! -> #REF! | B54: =#REF! -> #REF! | C54: =#REF! -> #REF! | D54: =#REF! -> #REF! | E54: =#REF! -> #REF! | F54: 85 | G54: =IF(E54<=85,"OK",IF(E54>=85,"N.C.")) -> #REF!
A56: Legenda:
A57: N.C. - Não Conforme

Sheet 1
A1: Relatório de Ensaio Analítico N. | E1: ='Capa '!$P$3 -> 0000-1/2025.0 | I1: Data de Assinatura | L1: Manaus, 00 de mês de 2025. | P1: <-------- | Q1: (Data de entrega do relatório) | U1: Alexandre Moura
A2: Razão Social: | B2: ='Capa '!$M$18 -> Componel Industria e Comércio Ltda | I2: Responsável pela coleta: | L2: Técnico de Campo | P2: <-------- | Q2: (Técnico de Campo) | U2: Engº. Arimar Neves Neto
A3: Endereço: | B3: ='Capa '!$M$19 -> #REF! | U3: Diogo dos Santos
A4: Serviço: | B4: Monitoramentos de Ruído Ocupacional. | U4: Willian de Moraes
A5: Informações do Colaborador (a)
A6: Colaborador (a):
A7: Cargo/Função: | D7: Matrícula:
A8: Local da Coleta: | D8: Setor:
A9: Turno: | D9: Código eSocial: | F9: 01.01.021.
A10: Dados de Campo:
A11: Data da Coleta: | B11: 45819 | C11: Responsável pela coleta: | F11: =$L$2 -> Técnico de Campo
A12: Descrição das Condições de Exposição:
A13: Atividade Desenvolvida:
A15: Máquinas/equipamentos geradores de ruído:
A16: Ausência de equipamentos ruidosos.
A17: Uso de Equipamento de Proteção Individual (EPI):
A18: Protetor Auricular - Plug de Inserção
A19: Equipamentos Utilizados:
A20: Dosímetro acústico de ruído da marca CRIFFER, modelo SONUS 2, calibrado com um calibrador acústico da marca Instrutherm, modelo QC-10.
A21: Configuração do Dosímetro:
A22: Ponderação de Tempo: Slow Ponderação de Frequência: A Nível de Limiar: 80 dB Nível de Critério: 85 dB. Incremento de duplicação de dose (q) = 05. Este equipamento não capta ruído inferiores a 40 dB.
A23: Registro de Calibração de Campo:
A24: Pré verificação [dB]: | C24: 114 | D24: Pós verificação [dB]: | F24: 114
A25: Legendas:
A26: NE = Nível de Exposição NR= Norma Regulamentadora dB = Decibel
A27: Resultado Obtido
A28: Parâmetro: | C28: Resultado: | E28: Limite de Tolerância - NR 15 dB(A) | G28: Nível de Ação | I28: Resultado
A29: Dose Diária (%): | E29: 85 dB(A) | G29: 80 dB(A) | I29: =IF($C$30<=85,"ABAIXO",IF($C$30>=85,"ACIMA")) -> ABAIXO
A30: Nível de Exposição (dB(A)): | I30: 1 | J30: Acima | K30: O nível equivalente de ruído excede o limite de tolerância do Anexo 1 da NR 15 para uma jornada de 8 horas diárias, exigindo medidas preventivas imediatas. Quando o ruído atinge ou supera o nível de ação, é fundamental minimizar os riscos auditivos e garantir a conformidade com as normas de segurança.
A31: Nível de Exposição Normalizado (dB(A)): | I31: 2 | J31: Abaixo | K31: O nível equivalente de ruído está dentro do limite de tolerância estabelecido no Anexo 1 da NR 15 para uma jornada de 8 horas diárias, não caracterizando exposição excessiva. No entanto, é recomendável manter medidas preventivas para reduzir riscos auditivos e garantir a conformidade com as normas de segurança.
A32: Tempo da Medição (min):
A33: Conclusão:
A34: =VLOOKUP(I29,$J$30:$K$32,2,FALSE) -> O nível equivalente de ruído está dentro do limite de tolerância estabelecido no Anexo 1 da NR 15 para uma jornada de 8 horas diárias, não caracterizando exposição excessiva. No entanto, é recomendável manter medidas preventivas para reduzir riscos auditivos e garantir a conformidade com as normas de segurança.
A36: =$L$1 -> Manaus, 00 de mês de 2025.
A39: Arimar Neves Neto.
A40: Engenheiro de Segurança do Trabalho
A41: CREA Nº 13726-D/AM

Sheet Página1
B2: Empresa | C2: Tipo de análise | D2: Técnico | E2: Status | F2: Upload de laudo
B3: Placibras | C3: Rúido | D3: Josemar | E3: Aguardando aprovação | F3: botão: anexar documento
B4: Meta | C4: Temperatura | D4: Abreu | E4: Aguardando aprovação | F4: botão: anexar documento

Sheet Anexo B
A22: ANEXO B - DOCUMENTOS E CERTIFICADOS DE CALIBRAÇÃO
